SPR	Menya Saimi (麺屋彩未)	5-3-12 Misono 10-jō, Toyohira-ku, Sapporo, Hokkaido 062-0010, Japan	W02	https://guide.michelin.com/sg/en/article/news-and-views/hokkaido-guide-2017
SPR	Sumire Susukino (すみれ 札幌すすきの店)	Pixis Bldg 2F, Minami 3-jō Nishi 3-9-2, Chuo-ku, Sapporo, Hokkaido, Japan	W02	https://www.gltjp.com/en/directory/item/15390/
SPR	MEN-EIJI Hiragishi Base (麺eiji 平岸base)	Hiragishi 2-jō 11-chōme 1-12, Toyohira-ku, Sapporo, Hokkaido 062-0932, Japan	W02	https://guide.michelin.com/sg/en/article/news-and-views/hokkaido-guide-2017
SPR	Jingisukan Daruma Honten (だるま本店)	Crystal Bldg 1F, Minami 5-jō Nishi 4, Chuo-ku, Sapporo, Hokkaido 064-0805, Japan	W02	https://theculturetrip.com/asia/japan/sapporo/articles/the-best-restaurants-in-sapporo
SPR	Soup Curry Garaku (スープカレー GARAKU)	Okumura Bldg B1F, Minami 2-jō Nishi 2-6-1, Chuo-ku, Sapporo, Hokkaido, Japan	W02	https://www.sapporo.travel/en/gourmet/shop/soupcarry/
SPR	Soup Curry & Dining Suage+ (すあげ+)	Minami 4-jō Nishi (〒064-0804), Chuo-ku, Sapporo, Hokkaido, Japan — a few minutes from Susukino Station	W02	https://theculturetrip.com/asia/japan/sapporo/articles/the-best-restaurants-in-sapporo
SPR	Oiso, Nijō Market (二条市場 大磯)	Sapporo Nijō Market, Chuo-ku, Sapporo, Hokkaido, Japan	W02	https://haveagood-holiday.com/en/articles/227790
SPR	Donburi Chaya, Nijō Market (どんぶり茶屋)	Sapporo Nijō Market, Chuo-ku, Sapporo, Hokkaido, Japan	W02	https://haveagood-holiday.com/en/articles/227790
SPR	Rojiura Curry SAMURAI Sakura (路地裏カリィ侍. 櫻)	Sapporo, Hokkaido, Japan (Sakura branch)	W05	https://www.sapporo.travel/en/gourmet/shop/soupcarry/
DONAN	Ajisai Honten, Hakodate (函館麺厨房あじさい 本店)	Goryōkaku area, Hakodate, Hokkaido, Japan	W06	https://www.gltjp.com/ja/directory/item/13744/
DONAN	Lucky Pierrot Bay Area Honten (ラッキーピエロ ベイエリア本店)	Bay Area waterfront, Hakodate, Hokkaido, Japan	W06	https://en.visit-hokkaido.jp/destinations/foodie-tours-in-hakodate-checking-out-the-local-favorites
TKC	Ganso Butadon no Panchō, Obihiro (元祖豚丼のぱんちょう)	In front of Obihiro Station, Obihiro, Hokkaido, Japan	W06	https://www.gltjp.com/ja/directory/item/15300/
TKC	Butadon no Tonta, Obihiro (ぶた丼のとん田)	Obihiro, Hokkaido, Japan	W06	https://guide.michelin.com/sg/en/article/news-and-views/hokkaido-guide-2017
OTARU	Isezushi, Otaru (伊勢鮨)	3-15-3 Inaho, Otaru, Hokkaido, Japan	W06	https://guide.michelin.com/sg/en/article/news-and-views/hokkaido-guide-2017
OTARU	Otaru Masazushi Honten (おたる政寿司 本店)	1-1-1 Hanazono, Otaru, Hokkaido 047-0024, Japan (Sushiya-dōri)	W09	https://otaru.gr.jp/shop/masazushi_honten
SPR	Soup Curry Picante, Kita 13-jō Honten (ピカンティ)	Near Hokkaido University (Kita 13-jō), Kita-ku, Sapporo, Hokkaido, Japan	W09	https://www.mapple.net/article/41624/
DOTO	Robata, Kushiro (炉ばた)	Kushiro, Hokkaido, Japan	W09	https://macaro-ni.jp/172153
SPR	Kitakaro Sapporo Honkan (北菓楼 札幌本館)	Chuo-ku, Sapporo, Hokkaido, Japan (3 min walk from Ōdōri Park)	W11	https://rurubu.jp/andmore/article/15914
DONAN	Hasegawa Store Bay Area (ハセガワストア ベイエリア店)	Bay Area, Hakodate, Hokkaido, Japan	W12	https://rurubu.jp/andmore/spot/80000522
DONAN	Uni Murakami Hakodate Honten (うに むらかみ 函館本店)	Morning-market streets, Hakodate, Hokkaido, Japan (5 min walk from Hakodate Station)	W12	https://www.hakodate.travel/cht/food_and_drink/japanese-cuisine/uni-murakami-hakodate
DHOKU	Ramen Santouka Honten, Asahikawa (らーめん山頭火 本店)	Asahikawa, Hokkaido, Japan	W12	https://www.mapple.net/spot/1001390/
DHOKU	Ramen no Hachiya Gojō Sōgyōten (ラーメンの蜂屋 五条創業店)	Gojō-dōri, Asahikawa, Hokkaido, Japan	W12	https://www.mapple.net/article/43037/
DHOKU	Baikōken Honten, Asahikawa (梅光軒 本店)	Asahikawa, Hokkaido, Japan (city centre)	W12	https://rurubu.jp/andmore/spot/80000722
TKC	Obihiro Hageten Honten (帯広はげ天 本店)	Obihiro, Hokkaido, Japan (city centre)	W14	https://www.mapple.net/spot/1013336/
TKC	Rokkatei Obihiro Main Store (六花亭 帯広本店)	Obihiro, Hokkaido, Japan (city centre)	W14	https://www.visit-hokkaido.jp/en/spot/detail_10249.html
IBURI	Aji no Daiō Muroran Honten (味の大王 室蘭本店)	Muroran, Hokkaido, Japan (near Muroran Station)	W14	https://rurubu.jp/andmore/spot/80000790
NSK	Niseko Takahashi Farm Milk Kobo (ニセコ高橋牧場 ミルク工房)	Niseko, Abuta District, Hokkaido, Japan (near Niseko Village ski resort)	W16	https://rurubu.jp/andmore/spot/80001344
SPR	Kani Ryōri Hyōsetsu no Mon (蟹料理の店 氷雪の門)	Chuo-ku, Sapporo, Hokkaido, Japan	W16	https://rurubu.jp/andmore/article/22367
SPR	Sapporo Kani Honke Ekimae Honten (札幌かに本家 札幌駅前本店)	Near JR Sapporo Station, Chuo-ku, Sapporo, Hokkaido, Japan	W16	https://rurubu.jp/andmore/article/22367
SPR	Sushi Zen Honten (すし善 本店)	Sapporo, Hokkaido, Japan (honten)	W16	https://rurubu.jp/andmore/article/22367
OTARU	Wakadori Jidai Naruto Honten (若鶏時代なると 本店)	Otaru, Hokkaido, Japan (honten)	W17	https://rurubu.jp/andmore/article/17167
OTARU	LeTAO Main Store, Otaru (ルタオ本店)	East end of Sakaimachi Street, Otaru, Hokkaido, Japan	W17	https://rurubu.jp/andmore/article/16095
DOTO	Torimatsu, Kushiro (鳥松)	Kushiro, Hokkaido, Japan	W20	https://www.mapple.net/article/42668/
DOTO	Restaurant Izumiya Sōhonten, Kushiro (レストラン泉屋 総本店)	Kushiro, Hokkaido, Japan (sōhonten)	W20	https://www.mapple.net/article/42668/
DOTO	New Montblanc, Nemuro (ニューモンブラン)	Nemuro, Hokkaido, Japan (city centre)	W20	https://rurubu.jp/andmore/spot/80001081
SOYA	Rishiri Ramen Miraku (利尻らーめん味楽)	67 Kutsugata-honmachi, Rishiri, Rishiri District, Hokkaido, Japan	W20	https://guide.michelin.com/sg/en/article/news-and-views/hokkaido-guide-2017
DONAN	Kikuyo Shokudō Honten, Hakodate Morning Market (きくよ食堂 本店)	Hakodate Morning Market, Wakamatsu-chō, Hakodate, Hokkaido, Japan	W22	https://rurubu.jp/andmore/spot/80000547
DONAN	Gotōken Honten — Restaurant Sekkatei (五島軒本店 レストラン雪河亭)	4-5 Suehiro-chō, Hakodate, Hokkaido 040-0053, Japan (Gotōken head office / honten)	W22	https://rurubu.jp/andmore/spot/80000464
DOTO	Mingei Kissa Poronno, Akan Ainu Kotan (民芸喫茶 ポロンノ)	4-7-8 Akanko Onsen, Akan-chō, Kushiro, Hokkaido, Japan (inside the Ainu Kotan)	W23	https://rurubu.jp/andmore/spot/80000871
DOTO	Utoro Fishermen's Wives' Canteen (ウトロ漁協婦人部食堂)	117 Utoro-higashi, Shari, Shari District, Hokkaido, Japan (by Utoro fishing port)	W23	https://rurubu.jp/andmore/article/20408
IBURI	Aji no Daiō Noboribetsu Onsen (味の大王 登別温泉店)	29-9 Noboribetsu Onsen-chō, Noboribetsu, Hokkaido, Japan	W26	https://rurubu.jp/andmore/spot/80001216
SPR	Aji no Sanpei (味の三平)	Daimaru Fujii Central 4F, Minami 1-jō Nishi 3-chōme 2, Chuo-ku, Sapporo, Hokkaido 060-0061, Japan	W27	https://www.sapporo.travel/gourmet/shop/shop_130-2/
SPR	Sapporo Miso Ramen Senmonten Keyaki Susukino Honten (けやき すすきの本店)	Susukino, Chuo-ku, Sapporo, Hokkaido, Japan	W27	https://www.sapporo.travel/gourmet/shop/shop_250-2/
SPR	Ramen Shingen Minami 6-jō (らーめん信玄 南6条店)	Minami 6-jō, Chuo-ku, Sapporo, Hokkaido, Japan	W27	https://www.mapple.net/article/45570/
DHOKU	Yuiga Dokuson, Furano (唯我独尊)	Near Furano Station, Furano, Hokkaido, Japan	W28	https://rurubu.jp/andmore/spot/80001151
DHOKU	Furano Cheese Factory (富良野チーズ工房)	Furano, Hokkaido, Japan	W28	https://www.visit-hokkaido.jp/en/spot/detail_10290.html
SPR	Magic Spice Sapporo Honten (マジックスパイス 札幌本店)	Hongō-dōri 8-chōme Minami 6-2, Shiroishi-ku, Sapporo, Hokkaido, Japan	W31	https://www.mapple.net/spot/1000281/
SPR	Okushiba Shōten Ekimae Sōseiji (奥芝商店 駅前創成寺)	Hokuren Bldg B1F, Kita 4-jō Nishi 1-chōme, Chuo-ku, Sapporo, Hokkaido, Japan	W31	https://www.sapporo.travel/en/gourmet/shop/shop_337-4/
SPR	Sapporo Rakkyo Kotoni (札幌らっきょ 琴似店)	Capitaine Kotoni 1F, Kotoni 1-jō 1-7-7, Nishi-ku, Sapporo, Hokkaido, Japan	W31	https://www.sapporo.travel/en/gourmet/feature/soupcarry/
SPR	Jingisukan Hitsujikai no Mise Itadakimasu (羊飼いの店 いただきます。)	Minami 5-jō Nishi 5-1-6, Chuo-ku, Sapporo, Hokkaido, Japan	W31	https://www.sapporo.travel/en/gourmet/shop/shop_183-4/
SPR	Tsukisappu Jingisukan Club (ツキサップじんぎすかんクラブ)	Tsukisamu-higashi 3-11-2-5, Toyohira-ku, Sapporo, Hokkaido, Japan	W31	https://www.sapporo.travel/en/gourmet/shop/tsukisappu-jingisukan-club/
SPR	Shibetsu Barbecue (士別バーベキュー)	Minami 3-jō Nishi 7-7, Chuo-ku, Sapporo, Hokkaido, Japan	W31	https://www.sapporo.travel/en/gourmet/feature/hokkaido-local-dish-genghis-khan-mongolian-barbecue/
TKC	Kita no Yatai, Obihiro (北の屋台)	North-exit district of JR Obihiro Station, Obihiro, Hokkaido, Japan	W32	https://rurubu.jp/andmore/spot/80000884
DONAN	Hakodate Hikari no Yatai Daimon Yokochō (函館ひかりの屋台 大門横丁)	Daimon district near JR Hakodate Station, Hakodate, Hokkaido, Japan	W32	https://rurubu.jp/andmore/spot/80000404
DONAN	Jiyōken (滋養軒)	Matsukaze-chō 7-12, Hakodate, Hokkaido, Japan	W33	https://www.mapple.net/article/53509/
DONAN	Hakodate Men'ya Yūmin (函館麺屋ゆうみん)	Wakamatsu-chō 19-1, Hakodate, Hokkaido, Japan	W33	https://www.mapple.net/article/53509/
DONAN	Hōran (鳳蘭)	Matsukaze-chō 5-13, Hakodate, Hokkaido, Japan	W33	https://www.mapple.net/article/53509/
DONAN	Hakodate Shio Ramen Shinano (はこだて塩らーめん しなの)	Wakamatsu-chō 20-10, Hakodate, Hokkaido, Japan	W33	https://www.mapple.net/article/53509/
DONAN	Asaichi no Ajidokoro Chamu (朝市の味処 茶夢)	Donburi Yokochō Ichiba, Wakamatsu-chō 9-15, Hakodate, Hokkaido, Japan	W33	https://rurubu.jp/andmore/spot/80000428
DONAN	Ikkatei Tabiji (一花亭 たびじ)	Donburi Yokochō Ichiba, Wakamatsu-chō 9-15, Hakodate, Hokkaido, Japan	W33	https://rurubu.jp/andmore/spot/80000497
DONAN	Asaichi Akebono Shokudō (朝市あけぼの食堂)	Donburi Yokochō Ichiba, Wakamatsu-chō 9-15, Hakodate, Hokkaido, Japan	W33	https://rurubu.jp/andmore/spot/80000427
SPR	Ramen Sapporo Ichiryūan (ラーメン札幌一粒庵)	Hokuren Bldg B1F, Kita 4-jō Nishi 1-chōme, Chuo-ku, Sapporo, Hokkaido, Japan	W34	https://www.sapporo.travel/en/gourmet/shop/shop_308-3/
SPR	Menya Yukikaze Susukino Honten (麺屋 雪風 すすきの本店)	Susukino, Chuo-ku, Sapporo, Hokkaido, Japan	W34	https://www.mapple.net/original/440444/
SPR	Ebisoba Ichigen Sōhonten (えびそば一幻 総本店)	Sapporo, Hokkaido, Japan	W34	https://www.mapple.net/original/440444/
SPR	Parfait, Coffee, Sake, Satō Honten (パフェ、珈琲、酒、佐藤 本店)	Kino Ninary Bldg 1F–3F, Minami 1-jō Nishi 2-chōme 1-2, Chuo-ku, Sapporo, Hokkaido 060-0061, Japan	W34	https://rurubu.jp/andmore/article/10282
SPR	INITIAL Sapporo	F.DRESS Gogai Bldg 2F, Minami 3-jō Nishi 5-chōme 36-1, Chuo-ku, Sapporo, Hokkaido, Japan	W34	https://rurubu.jp/andmore/article/22444
OTARU	Otaru Ankake-dokoro Tororian (小樽あんかけ処 とろり庵)	Sakura 5-chōme 7-23, Otaru, Hokkaido 047-0156, Japan	W35	https://otaru.gr.jp/shop/tororian
OTARU	Chūka Shokudō Keien (中華食堂 桂苑)	Inaho 2-chōme 16-14, Otaru, Hokkaido, Japan	W35	https://www.mapple.net/original/454269/
OTARU	Kōzushi (幸寿司)	Hanazono 1-chōme 4-6, Otaru, Hokkaido, Japan	W35	https://rurubu.jp/andmore/spot/80000649
DHOKU	Asahikawa Rāmen Aoba Honten (旭川らぅめん青葉 本店)	Nijō Bldg Meitengai 1F, Nijō-dōri 8-chōme, Asahikawa, Hokkaido, Japan	W36	https://rurubu.jp/andmore/spot/80000752
DHOKU	Miso Rāmen no Yoshino Honten (みそラーメンのよし乃 本店)	Toyooka 1-jō 1-1-8, Asahikawa, Hokkaido, Japan	W36	https://rurubu.jp/andmore/spot/80000770
DHOKU	Curry no Furanoya (カレーのふらのや)	Yayoi-chō 1-46, Furano, Hokkaido, Japan	W36	https://rurubu.jp/andmore/spot/80001208
DHOKU	Kashi Kōbō Furano Delice (菓子工房フラノデリス)	Shimogoryō 2156-1, Furano, Hokkaido, Japan	W36	https://www.mapple.net/spot/1013403/
TKC	Tokachi Butadon Ippin Honten (十勝豚丼 いっぴん本店)	Nishi 21-jō Minami 3-5, Obihiro, Hokkaido, Japan	W37	https://rurubu.jp/andmore/spot/80000895
TKC	Curry Shop Indian Machinaka (カレーショップ インデアン まちなか店)	Nishi 2-jō Minami 10-chōme 1-1, Obihiro, Hokkaido, Japan	W37	https://rurubu.jp/andmore/spot/80000923
TKC	Ryūgetsu Sweetpia Garden, Otofuke (柳月スイートピア・ガーデン)	Natsuzora 1-1, Otofuke, Katō District, Hokkaido, Japan	W37	https://www.visit-hokkaido.jp/spot/detail_10542.html
DOTO	Kushiro Rāmen Kawamura (釧路ラーメン 河むら)	Suehiro-chō 5-3, Kushiro, Hokkaido, Japan	W38	https://rurubu.jp/andmore/spot/80000831
IBURI	Marutoma Shokudō, Tomakomai (マルトマ食堂)	Shiomi-machi 1-1-13, Tomakomai, Hokkaido, Japan	W41	https://rurubu.jp/andmore/spot/80001002
IBURI	Yakitori no Ippei Nakajima Honten, Muroran (やきとりの一平 中島本店)	Nakajima-chō 1-17-3, Muroran, Hokkaido, Japan	W41	https://travel-navi.visit-hokkaido.jp/tourism/8604/
SPR	MORIHICO. Main Store, Maruyama (森彦)	Maruyama area, Chuo-ku, Sapporo, Hokkaido, Japan	W42	https://www.sapporo.travel/en/gourmet/shop/morihico/
SPR	Baristart Coffee, Ōdōri (バリスタートコーヒー)	Edge of Ōdōri Park, Chuo-ku, Sapporo, Hokkaido, Japan	W42	https://en.visit-hokkaido.jp/destinations/hometown-coffee-with-local-pride
SPR	Bar Yamazaki, Susukino (BARやまざき)	Katsumi Bldg 4F, Minami 3-jō Nishi 3-3, Chuo-ku, Sapporo, Hokkaido, Japan	W43	https://www.timeout.com/tokyo/things-to-do/50-things-to-do-in-sapporo
SPR	Jazz Café Bossa, Tanukikōji (ジャズ喫茶 BOSSA)	Tanukikōji, Chuo-ku, Sapporo, Hokkaido, Japan	W43	https://www.sapporo.travel/en/gourmet/shop/bossa/
SPR	Miyoshino Tanukikōji (みよしの 狸小路店)	Minami 3-jō Nishi 2-chōme 16-4 (Tanukikōji 2-chōme), Chuo-ku, Sapporo, Hokkaido, Japan	W43	https://www.sapporo.travel/gourmet/shop/shop_812/
OTARU	Nakamuraya, Shakotan (中村屋)	Shakotan, Shakotan District, Hokkaido, Japan	W44	https://rurubu.jp/andmore/spot/80001400
OTARU	Shokudō Ushio, Shakotan (食堂 うしお)	Shakotan, Shakotan District, Hokkaido, Japan	W44	https://rurubu.jp/andmore/spot/80108471
OTARU	Oshokujidokoro Misaki, Shakotan (お食事処 みさき)	Near Cape Kamui, Shakotan, Shakotan District, Hokkaido, Japan	W44	https://visit-hokkaido.jp/line/syakotanuni/
OTARU	Tanaka Shuzō Kikkōgura, Otaru (田中酒造 亀甲蔵)	Shinkō-chō 2-2, Otaru, Hokkaido, Japan	W44	https://www.visit-hokkaido.jp/spot/detail_11319.html
OTARU	Otaru Sōko No.1 — Otaru Beer (小樽倉庫No.1)	Minato-machi 5-4, Otaru, Hokkaido 047-0007, Japan	W44	https://otaru.gr.jp/guidemap/gourmet-beer
OTARU	Niikuraya Hanazono Honten, Otaru (新倉屋 花園本店)	Hanazono 1-3-1, Otaru, Hokkaido, Japan	W44	https://rurubu.jp/andmore/spot/80000604
OTARU	Amatō, Otaru (あまとう)	Inaho 2-chōme 16-3, Otaru, Hokkaido, Japan	W44	https://otaru.gr.jp/guidemap/sweets-creamzenzai
DONAN	California Baby, Hakodate (カリフォルニアベイビー)	Bay area below Mt Hakodate (Motomachi side), Hakodate, Hokkaido, Japan	W45	https://rurubu.jp/andmore/spot/80000548
DONAN	Numa no Ya, Ōnuma (沼の家)	Ōnuma, Nanae, Kameda District, Hokkaido, Japan	W45	https://rurubu.jp/andmore/spot/80001287
DONAN	Hakodate Beer (はこだてビール)	Kaikō-dōri, Ōte-machi 5-22, Hakodate, Hokkaido, Japan	W45	https://rurubu.jp/andmore/spot/80000528
DONAN	Hakodate Beer Hall, Kanemori (函館ビヤホール)	Kanemori Red Brick Warehouse — Hakodate History Plaza, Hakodate, Hokkaido, Japan	W45	https://rurubu.jp/andmore/spot/80000403
SOYA	Kaisen-dokoro Kafuka, Rebun (海鮮処かふか)	Kafuka, Rebun, Rebun District, Hokkaido, Japan	W46	https://rurubu.jp/andmore/spot/80001602
SOYA	Robata Chidori, Rebun (炉ばた ちどり)	Rebun, Rebun District, Hokkaido, Japan	W46	https://rurubu.jp/andmore/spot/80001592
SPR	Fujiya NOODLE, Susukino (ふじ屋 NOODLE)	Susukino, Chuo-ku, Sapporo, Hokkaido, Japan	W47	https://guide.michelin.com/en/article/news-and-views/hokkaido-guide-2017
SPR	Kaisen Shokudō Kita no Gourmet-tei, Curb Market (海鮮食堂 北のグルメ亭)	Sapporo Central Wholesale Market — Jōgai Shijō, Chuo-ku, Sapporo, Hokkaido, Japan	W48	https://rurubu.jp/andmore/article/14911
SPR	Marusan-tei, Curb Market (まるさん亭)	Sapporo Central Wholesale Market — Jōgai Shijō, Chuo-ku, Sapporo, Hokkaido, Japan	W48	https://rurubu.jp/andmore/article/14950
SPR	Kaisen-dokoro Uoya no Daidokoro, Nijō Market (海鮮処 魚屋の台所)	Nijō Market, Chuo-ku, Sapporo, Hokkaido, Japan	W48	https://rurubu.jp/andmore/article/22608
DHOKU	Biei Senka (美瑛選果)	Biei, Kamikawa District, Hokkaido, Japan	W48	https://www.visit-hokkaido.jp/spot/detail_10357.html
IBURI	ROYCE' Chocolate World, New Chitose Airport (ロイズチョコレートワールド)	New Chitose Airport 3F, Chitose, Hokkaido, Japan	W49	https://rurubu.jp/andmore/spot/80001137
IBURI	Wakasaimo Honpo Tōyako Honten (わかさいも本舗 洞爺湖本店)	Tōyako Onsen 144, Tōyako, Abuta District, Hokkaido, Japan	W49	https://rurubu.jp/andmore/spot/80001718
TKC	Cranberry Honten, Obihiro (クランベリー 本店)	Obihiro, Hokkaido, Japan	W50	https://obikan.jp/post_spot/1358/
TKC	Masuya Shōten Honten, Obihiro (満寿屋商店 本店)	Obihiro, Hokkaido, Japan	W50	https://rurubu.jp/andmore/spot/80000881
DOTO	Nanbantei, Kushiro-chō (南蛮酊)	Tōya 1-39, Kushiro-chō, Kushiro District, Hokkaido, Japan	W51	https://rurubu.jp/andmore/spot/80001840
SOYA	Satō Shokudō, Rishiri (さとう食堂)	In front of the ferry terminal, Rishiri Island, Rishiri District, Hokkaido, Japan	W51	https://www.rishiri-plus.jp/shima-shop/satou-shokudou/
DONAN	Hakodate Asaichi Ekini Ichiba (函館朝市 えきに市場)	Hakodate Morning Market, by JR Hakodate Station, Hakodate, Hokkaido, Japan	W56	https://www.hakodate.travel/en/experience/gourmet/
DONAN	Hakodate Kaisen Ichiba Honten (はこだて海鮮市場 本店)	Bay area, Hakodate, Hokkaido, Japan	W56	https://www.hakodate.travel/en/sightseeing-spots/shopping-spot/hakodate-kaisen-ichiba-seafood-market/
IBURI	Restaurant Bōyōtei, Tōyako Onsen (レストラン望羊蹄)	Tōyako Onsen 36-12, Tōyako, Abuta District, Hokkaido 049-5721, Japan	W62	https://rurubu.jp/andmore/spot/80001719
SPR	Curry Shop S, Susukino (カレーショップ S)	Silver Bldg B1F, Minami 3-jō Nishi 4-chōme, Chuo-ku, Sapporo, Hokkaido, Japan	W63	https://www.sapporo.travel/en/gourmet/shop/shop_117-3/
SPR	Umi Hachikyō Honten, Susukino (海味はちきょう 本店)	Miyako Bldg 1F, Minami 3-jō Nishi 3, Chuo-ku, Sapporo, Hokkaido, Japan	W63	https://www.sapporo.travel/en/gourmet/shop/shop_194-3/
SPR	Night Parfait Nanakamado (夜パフェ専門店 ななかまど)	Dai-4 Fujii Bldg 2F, Minami 4-jō Nishi 5-10, Chuo-ku, Sapporo, Hokkaido, Japan	W63	https://visit.sapporo.travel/discover/cuisine/shime-parfait/
SPR	Parfaiteria PaL (パフェテリア パル)	Susukino, Chuo-ku, Sapporo, Hokkaido, Japan	W63	https://visit.sapporo.travel/discover/cuisine/shime-parfait/
SPR	Kiwami Shio-Jukusei Jingisukan Yūhi, Susukino (極 塩熟成ジンギスカン 夕陽)	Susukino, Chuo-ku, Sapporo, Hokkaido, Japan	W64	https://www.sapporo.travel/en/gourmet/shop/shop_577-3/
SPR	Rokkatei Sapporo Honten (六花亭 札幌本店)	5 minutes' walk from JR Sapporo Station (south exit), Chuo-ku, Sapporo, Hokkaido, Japan	W67	https://rurubu.jp/andmore/article/15117
SPR	Kinotoya Ōdōri Kōen & KINOTOYA Café (きのとや 大通公園店)	Ōdōri Kōen area, Chuo-ku, Sapporo, Hokkaido, Japan	W67	https://rurubu.jp/andmore/spot/80000013
SPR	Ōdōri BISSE (大通ビッセ)	Directly connected to Ōdōri subway station, Chuo-ku, Sapporo, Hokkaido, Japan	W67	https://www.sapporo.travel/en/spot/facility/odoribisse/
DOTO	Kushiro Rāmen Maruhira (釧路ラーメン まるひら)	Urami 8-1-13, Kushiro, Hokkaido, Japan	W69	https://rurubu.jp/andmore/spot/80000832
DOTO	Uocchi Rāmen Kōbō, Tanchō Market (魚一らーめん工房)	Kushiro, Hokkaido, Japan	W69	https://rurubu.jp/andmore/spot/80000836
DHOKU	Tsuruya, Asahikawa (つるや)	Central Asahikawa, Hokkaido, Japan	W70	https://rurubu.jp/andmore/spot/80000772
OTARU	Kama-ei Factory Store, Otaru (かま栄 工場直売店)	Sakaimachi 3-7, Otaru, Hokkaido, Japan	W74	https://www.mapple.net/spot/1013436/
OTARU	Kitaichi Hall, Otaru (北一ホール)	Kitaichi Glass No. 3 building, Sakaimachi 7-26, Otaru, Hokkaido, Japan	W74	https://rurubu.jp/andmore/spot/80000582
DONAN	Sushi-dokoro Kihara, Yunokawa (鮨処 木はら)	Yunokawa Onsen area, Hakodate, Hokkaido, Japan	W75	https://www.hakodate.travel/en/sightseeing-spots/food-drink-sushi-seafood-rice-bowl/hakodate-sushi-restaurant-kihara/
IBURI	Soba-dokoro Fukuan, Noboribetsu Onsen (そば処 福庵)	Noboribetsu Onsen-machi 30, Noboribetsu, Hokkaido, Japan	W77	https://rurubu.jp/andmore/spot/80001235
